id,CardNum, CardBalance, CardLimit
1,1.11122E+11,"	0","	20000"
2,1.11122E+11,"	0","	20000"
3,1.11122E+11,"	0","	5000"
4,1.11122E+11,"	0","	20000"
5,1.11122E+11,"	0","	20000"
6,1.11122E+11,"	0","	10000"
7,1.11122E+11,"	0","	10000"
8,1.11122E+11,"	0","	10000"
9,1.11122E+11,"	0","	10000"
10,1.11122E+11,"	0","	1000"
